www,.91160.com
DQ,.91160.com
SYS,.91160.com
HG,.91160.com
JMS,.91160.com
HH,.91160.com
MDJ,.91160.com
JX,.91160.com
QTH,.91160.com
LH,.91160.com
QQHR,.91160.com
wlmq,.91160.com
wjq,.91160.com
ylhsg,.91160.com
kzlsk,.91160.com
klmy,.91160.com
brtl,.91160.com
tlf,.91160.com
htdq,.91160.com
hmdq,.91160.com
ksgq,.91160.com
tmsk,.91160.com
tcdq,.91160.com
bygl,.91160.com
changj,.91160.com
shz,.91160.com
aksdq,.91160.com
alt,.91160.com
alr,.91160.com
haikou,.91160.com
bs,.91160.com
sy,.91160.com
qz,.91160.com
df,.91160.com
cj,.91160.com
wn,.91160.com
bt,.91160.com
qh,.91160.com
l,.91160.com
wc,.91160.com
wzs,.91160.com
cmx,.91160.com
nsqd,.91160.com
tcx,.91160.com
xsqd,.91160.com
dax,.91160.com
zsqd,.91160.com
lgx,.91160.com
yanj,.91160.com
bais,.91160.com
bc,.91160.com
jilin,.91160.com
changchun,.91160.com
sp,.91160.com
liaoy,.91160.com
th,.91160.com
songy,.91160.com
ybcx,.91160.com
xiany,.91160.com
sl,.91160.com
ak,.91160.com
baoji,.91160.com
yr,.91160.com
yl,.91160.com
hangzhong,.91160.com
wl,.91160.com
xian,.91160.com
tc,.91160.com
shijiazhuang ,.91160.com
xingtai ,.91160.com
hd,.91160.com
hs,.91160.com
qhd,.91160.com
cangzhou ,.91160.com
chende,.91160.com
zhangjiakou ,.91160.com
lf,.91160.com
tangshan  ,.91160.com
baoding ,.91160.com
beihai,.91160.com
nannin,.91160.com
chongzuo,.91160.com
laibin,.91160.com
liuzhou,.91160.com
guiling,.91160.com
wuzhou,.91160.com
hechi,.91160.com
yuling,.91160.com
baise,.91160.com
guigan,.91160.com
heshou,.91160.com
xingzhou,.91160.com
fangchengang,.91160.com
HHHT,.91160.com
XLGL,.91160.com
ALSM,.91160.com
ERDS,.91160.com
BYZR,.91160.com
HLBR,.91160.com
WLCB,.91160.com
WH,.91160.com
BT,.91160.com
XRM,.91160.com
CF,.91160.com
TL,.91160.com
zz,.91160.com
zm,.91160.com
hebi,.91160.com
xuchang,.91160.com
jiaozuo,.91160.com
py,.91160.com
lh,.91160.com
jiyuan,.91160.com
luoyang,.91160.com
xinxiang,.91160.com
kf,.91160.com
pds,.91160.com
ay,.91160.com
sq,.91160.com
zk,.91160.com
ly,.91160.com
xinyang,.91160.com
smx,.91160.com
ld,.91160.com
yueyang,.91160.com
changde,.91160.com
zjj,.91160.com
hh,.91160.com
zhuzhou,.91160.com
yongzhou,.91160.com
xt,.91160.com
xx,.91160.com
yiyang,.91160.com
hengyang,.91160.com
cy,.91160.com
chenzhou,.91160.com
cs,.91160.com
wh,.91160.com
huangshi,.91160.com
huanggang,.91160.com
SZ,.91160.com
ez,.91160.com
xy,.91160.com
jinmenshi,.91160.com
jingzhou,.91160.com
slj,.91160.com
qj,.91160.com
yichang,.91160.com
XG,.91160.com
tm,.91160.com
xl,.91160.com
SY,.91160.com
xiantao,.91160.com
nstj,.91160.com
yt,.91160.com
shangrao,.91160.com
jiujiang,.91160.com
nanchang,.91160.com
jr,.91160.com
yic,.91160.com
yz,.91160.com
xiny,.91160.com
jindeizheng,.91160.com
px,.91160.com
ganzhou,.91160.com
sh,.91160.com
tianjing,.91160.com
hk,.91160.com
chongqing,.91160.com
gd,.91160.com
sd,.91160.com
shanxi,.91160.com
sz,.91160.com
beijing,.91160.com
yn,.91160.com
qinghai,.91160.com
fj,.91160.com
ah,.91160.com
zj,.91160.com
gs,.91160.com
xzzzq,.91160.com
ln,.91160.com
js,.91160.com
nx,.91160.com
sc,.91160.com
,.91160.com
hlj,.91160.com
xjwwezzq,.91160.com
hn,.91160.com
jl,.91160.com
sx,.91160.com
hb,.91160.com
gxzzzzq,.91160.com
nmg,.91160.com
jx,.91160.com
tj,.91160.com
tw,.91160.com
am,.91160.com
xg,.91160.com
cq,.91160.com
bj,.91160.com
zh,.91160.com
gz,.91160.com
st,.91160.com
dg,.91160.com
sw,.91160.com
fs,.91160.com
sg,.91160.com
hy,.91160.com
cz,.91160.com
yj,.91160.com
hz,.91160.com
yf,.91160.com
zhanjiang,.91160.com
jm,.91160.com
jy,.91160.com
zq,.91160.com
mm,.91160.com
zs,.91160.com
mz,.91160.com
qy,.91160.com
linfen,.91160.com
lvliang,.91160.com
datong,.91160.com
taiyuan,.91160.com
xz,.91160.com
jinzhong,.91160.com
changzhi,.91160.com
jinc,.91160.com
shuoz,.91160.com
yq,.91160.com
yc,.91160.com
dongy,.91160.com
linyi,.91160.com
DZ,.91160.com
WEIH,.91160.com
RZ,.91160.com
ZZ,.91160.com
TY,.91160.com
jining,.91160.com
jinan,.91160.com
zibo,.91160.com
BZ,.91160.com
weifang,.91160.com
yantai,.91160.com
QC,.91160.com
LW,.91160.com
heze,.91160.com
qingdao,.91160.com
lingcang,.91160.com
LJ,.91160.com
baoshan,.91160.com
dl,.91160.com
dh,.91160.com
lj,.91160.com
sm,.91160.com
ws,.91160.com
kunming,.91160.com
zt,.91160.com
QJ,.91160.com
CX,.91160.com
yx,.91160.com
hhhl,.91160.com
xsbl,.91160.com
dq,.91160.com
xining,.91160.com
haidong,.91160.com
yushu,.91160.com
huangnan,.91160.com
hainanzizhizhou,.91160.com
haibei,.91160.com
guoluo ,.91160.com
haiximenggu,.91160.com
fuzhou,.91160.com
longy,.91160.com
np,.91160.com
nd,.91160.com
pt,.91160.com
quanzhou,.91160.com
SM,.91160.com
xiamen,.91160.com
zhangz,.91160.com
wys,.91160.com
haoz,.91160.com
lr,.91160.com
hefei,.91160.com
anqing,.91160.com
xc,.91160.com
ahsuzhou,.91160.com
chaohu,.91160.com
chiz,.91160.com
huaibei,.91160.com
huainan,.91160.com
chuz,.91160.com
wuhu,.91160.com
bengbu,.91160.com
tl,.91160.com
fuy,.91160.com
mes,.91160.com
anhui,.91160.com
ningbo,.91160.com
hangzhou,.91160.com
HZ,.91160.com
jiaxing,.91160.com
jh,.91160.com
ZS,.91160.com
LS,.91160.com
QZ,.91160.com
SX,.91160.com
wenzhou,.91160.com
TZ,.91160.com
lanzhou,.91160.com
zys,.91160.com
ww,.91160.com
ts,.91160.com
QY,.91160.com
PL,.91160.com
ll,.91160.com
JQ,.91160.com
JC,.91160.com
JGG,.91160.com
DX,.91160.com
BY,.91160.com
GLZC,.91160.com
LXHC,.91160.com
sldq,.91160.com
las,.91160.com
rkz,.91160.com
changd,.91160.com
lzdq,.91160.com
lqdq,.91160.com
rldq,.91160.com
anshan,.91160.com
hld,.91160.com
bx,.91160.com
jz,.91160.com
chaoy,.91160.com
liaoyang,.91160.com
dalian,.91160.com
pj,.91160.com
dd,.91160.com
shenyang,.91160.com
fus,.91160.com
tieling,.91160.com
fux,.91160.com
yk,.91160.com
nanjing,.91160.com
lt,.91160.com
suq,.91160.com
changzhou,.91160.com
xuzhou,.91160.com
yangzhou,.91160.com
wuxi,.91160.com
taizhou,.91160.com
hr,.91160.com
yancheng,.91160.com
su,.91160.com
LYG,.91160.com
zhenjiang,.91160.com
yingchuang,.91160.com
guy,.91160.com
wz,.91160.com
szs,.91160.com
zw,.91160.com
pzh,.91160.com
leshan,.91160.com
nj,.91160.com
ls,.91160.com
nc,.91160.com
yb,.91160.com
bz,.91160.com
gy,.91160.com
ga,.91160.com
dy,.91160.com
cd,.91160.com
lz,.91160.com
ganzi,.91160.com
ms,.91160.com
my,.91160.com
zigong,.91160.com
zy,.91160.com
dz,.91160.com
sn,.91160.com
ab,.91160.com
ya,.91160.com
guiyang,.91160.com
lp,.91160.com
rs,.91160.com
bjdq,.91160.com
zuny,.91160.com
trdq,.91160.com
jdlmc,.91160.com
jlby,.91160.com
jxlb,.91160.com
haerbin,.91160.com
YC,.91160.com
shaoyang,.91160.com
sjz,.91160.com
DY,.91160.com
haiwai,
